File Name,Num Rows,Num Cols,Num Nonzero,Sparsity,Filesize
vsp_msc10848_300sep_100in_1Kout,21996,21996,2442056,0.005047405501259781,9856224
appu,14000,14000,1853104,0.009454612244897959,7468432
Zd_Jac6,22835,22835,1711983,0.0032832005808561136,6939288
debr,1048576,1048576,4194298,3.8146918086567894e-06,20971512
luxembourg_osm,114599,114599,239332,1.822380728464481e-05,1415740
delaunay_n17,131072,131072,786352,4.577171057462692e-05,3669712
lhr71,70304,70304,1528092,0.00030916436588851974,6393600
cavity16,4562,4562,138187,0.006639824899706148,571012
s3dkt3m2,90449,90449,3753461,0.00045880101325501926,15375656
ct20stif,52329,52329,2698463,0.0009854431990181545,11003184
nd6k,18000,18000,6897316,0.02128801234567901,27661280
lp_osa_60,10280,243246,1408073,0.0005631010652264055,5673428
darcy003,389874,389874,2101242,1.382380265521541e-05,9964480
gyro,17361,17361,1021159,0.0033880038501505096,4154096
bcsstk31,35588,35588,1181416,0.0009328153508950845,4868032
Ge87H76,112985,112985,7892195,0.0006182387571683829,32020736
dbir1,18804,45775,1077025,0.0012512589266306447,4383332
nsct,23003,37563,697738,0.0008075094740139555,2882980
c-60,43640,43640,298578,0.00015677915551033747,1368888
jan99jac060,20614,20614,127182,0.00029929613377320524,591200
pwt,36519,36519,326107,0.0002445244933416349,1450520
IG5-14,6735,7621,173337,0.0033770828407848554,720304
mesh_deform,234023,9393,853829,0.0003884257711847698,4351424
para-6,155924,155924,5416358,0.00022278268146573582,22289144
d_pretok,182730,182730,1641672,4.916620442847859e-05,7297624
barrier2-3,113076,113076,3805068,0.0002975922027905323,15672592
kron_g500-logn16,65536,65536,4912469,0.0011437733191996813,19912036
lpl1,32460,32460,328036,0.0003113325125686707,1442000
pkustk07,16860,16860,2418804,0.008509137422271754,9742672
ulevimin,6590,46937,164538,0.0005319434570919215,684528
cvxbqp1,50000,50000,349968,0.00013998720000000001,1599888
igbt3,10938,10938,234006,0.0019559203036072165,979792
Si10H16,17077,17077,875923,0.0030036046870488466,3572016
lowThrust_9,18044,18044,219589,0.0006744425226033105,950548
3dtube,45330,45330,3213618,0.0015639498154791911,13035808
Andrews,60000,60000,760154,0.00021115388888888888,3280632
nemeth01,9506,9506,725054,0.008023700933411164,2938256
lp_osa_14,2337,54797,317097,0.00247614822386925,1277752
crystm03,24696,24696,583770,0.0009571688131960638,2433880
amazon-2008,735323,735323,5158388,9.540204951579246e-06,23574860
TSOPF_FS_b162_c3,30798,30798,1801300,0.0018990702035047973,7328408
t2dah_e,11445,11445,176117,0.0013445274863866372,750264
deltaX,68600,21961,247424,0.0001642349550747462,1264112
jan99jac080,27534,27534,171522,0.00022624615952545715,796240
soc-sign-Slashdot090221,82144,82144,549202,8.13917555860553e-05,2525400
rajat20,86916,86916,605045,8.00918294426192e-05,2767860
mono_500Hz,169410,169410,5036288,0.00017548195832422654,20822808
c-72,84064,84064,707558,0.00010012486498585956,3166504
internet,124651,124651,207214,1.3336060604301289e-05,1327476
mark3jac100sc,45769,45769,285215,0.00013615372097326034,1323952
thermal1,82654,82654,574458,8.408732369366029e-05,2628464
heart1,3557,3557,1387773,0.10968587481956765,5565336
shermanACb,18510,18510,145149,0.00042364414697211285,654652
hcircuit,105676,105676,513072,4.5943659227791696e-05,2475008
mult_dcop_02,25187,25187,193276,0.00030466673935334053,873868
ak2010,45292,45292,217098,0.00010583098183922451,1049576
tandem_vtx,18454,18454,253350,0.0007439433672076623,1087232
G3_circuit,1585478,1585478,7660826,3.0475803031760576e-06,36985232
para-9,155924,155924,5416358,0.00022278268146573582,22289144
nemswrld,7138,28550,192283,0.0009435354745254795,797700
IMDB,428440,896308,3782463,9.84979983742243e-06,16843628
nd3k,9000,9000,3279690,0.040490000000000005,13154776
lp1,534388,534388,1643420,5.754865440246552e-06,8711248
co9,10789,22924,109651,0.00044334417204595455,481776
g7jac120sc,35550,35550,475296,0.0003760840795931326,2043400
TF17,38132,48630,586218,0.00031612969733436105,2497416
ch7-9-b3,105840,17640,423360,0.00022675736961451248,2116816
sinc18,16428,16428,973826,0.003608377591655976,3961032
lp_osa_07,1118,25067,144812,0.005167260864318331,583736
lowThrust_4,13562,13562,160947,0.0008750551112859235,698052
cage12,130228,130228,2032536,0.00011984764505568747,8651072
TSOPF_FS_b300,29214,29214,4400122,0.005155640994343908,17717360
t0331-4l,664,46915,430982,0.013835005373727673,1726600
delaunay_n19,524288,524288,3145646,1.1443793482612818e-05,14679752
conf5_0-4x4-18,3072,3072,119808,0.0126953125,491536
scsd8-2r,8650,60550,190210,0.0003631642506312559,795456
g7jac040,11790,11790,114671,0.000824946890055761,505860
nemeth06,9506,9506,394808,0.004369083293269459,1617272
soc-sign-epinions,131828,131828,841372,4.841419648464106e-05,3892816
pre2,659033,659033,5959282,1.3720805681887336e-05,26473276
fe_body,45087,45087,327468,0.00016108911257532943,1490236
conf5_0-4x4-26,3072,3072,119808,0.0126953125,491536
lock3491,3491,3491,160444,0.013165088506427421,655756
g7jac200,59310,59310,837936,0.00023820726416511173,3589000
web-BerkStan,685230,685230,7600595,1.6187316362736568e-05,33143316
matrix_9,103430,103430,2121550,0.00019831712697294368,8899936
g7jac080,23670,23670,293976,0.0005247051906682666,1270600
nemeth04,9506,9506,394808,0.004369083293269459,1617272
SiH4,5041,5041,171903,0.006764723671763391,707792
struct3,53570,53570,1173694,0.00040898896623180685,4909072
cage11,39082,39082,559722,0.00036645345147361406,2395232
GL7d23,105054,349443,2695430,7.342418244121075e-05,11201952
rajat29,643994,643994,4866270,1.1733634594309956e-05,22041072
barrier2-10,115625,115625,3897557,0.00029153384718772824,16052744
copter2,55476,55476,759952,0.00024693115245769126,3261728
tube1,21498,21498,897056,0.0019409906272146629,3674232
ecl32,51993,51993,380415,0.00014072390536524945,1729648
k1_san,67759,67759,559774,0.00012192106477545787,2510148
lowThrust_5,16262,16262,198369,0.0007501116154467339,858540
ex40,7740,7740,458012,0.007645307106277,1863024
ia2010,216007,216007,1021170,2.1885798531225083e-05,4948724
ford2,100196,100196,544688,5.425590840953687e-05,2579552
nemeth25,9506,9506,1511758,0.016729642310354533,6085072
specular,477976,1600,7647616,0.01,32502384
SiNa,5743,5743,198787,0.006027127059328546,818136
598a,110971,110971,1483868,0.00012049700985402605,6379372
ted_AB,10605,10605,522387,0.004644842742508238,2131984
cont1_l,1918399,1921596,7031999,1.9075581018724525e-06,35801608
nemeth15,9506,9506,539802,0.005973637565280949,2197248
cavity20,4562,4562,138187,0.006639824899706148,571012
pcrystk02,13965,13965,968583,0.004966551717639964,3930208
wathen120,36441,36441,565761,0.0004260420190834483,2408824
c-51,23196,23196,203050,0.00037737818696761705,905000
dbic1,43200,226317,1081843,0.00011065303108929969,4500188
raefsky3,21200,21200,1488768,0.0033124955500178,6039888
nemeth05,9506,9506,394808,0.004369083293269459,1617272
HEP-th-new,27770,27770,352807,0.0004574940327908307,1522324
g7jac200sc,59310,59310,837936,0.00023820726416511173,3589000
mark3jac120sc,54929,54929,342475,0.00011350774323375935,1589632
cari,400,1200,152800,0.31833333333333336,612816
flower_8_4,55081,125361,375266,5.4346922198420266e-05,1721404
t2em,921632,921632,4590832,5.404758699235828e-06,22049872
NotreDame_actors,392400,127823,1470404,2.93155921211546e-05,7451232
dawson5,51537,51537,1010777,0.000380554693216995,4249272
vsp_befref_fxm_2_4_air02,14109,14109,196448,0.0009868590877116477,842244
amazon0302,262111,262111,1234877,1.7974350539206116e-05,5987968
c-49,21132,21132,157042,0.0003516694267796853,712712
cegb2919,2919,2919,321543,0.037737303916960396,1297864
vsp_bump2_e18_aa01_model1_crew1,56438,56438,601602,0.00018887133104358834,2632176
aft02,8184,8184,127762,0.0019075259739577213,543800
g7jac120,35550,35550,475296,0.0003760840795931326,2043400
c-55,32780,32780,403450,0.0003754670420995853,1744936
helm2d03,392257,392257,2741935,1.7820330332848923e-05,12536784
Hamrle3,1447360,1447360,5514242,2.6322836707820385e-06,27846424
lhr11c,10964,10964,233741,0.0019444502861076566,978836
cat_ears_4_4,19020,44448,132888,0.00015718931759907157,607648
dc3,116835,116835,766396,5.614451099680582e-05,3532940
rail507,507,63516,409856,0.012727414782378522,1641468
wave,156317,156317,2118662,8.67060204942367e-05,9099932
c8_mat11_I,4562,5761,2462970,0.09371432163283919,9870144
rgg_n_2_19_s0,524288,524288,6539532,2.3790678824298084e-05,28255296
nemeth19,9506,9506,818302,0.009055615886833563,3311248
ch7-8-b3,58800,11760,235200,0.0003401360544217687,1176016
sgpf5y6,246077,312540,831976,1.0817680913877853e-05,4312228
web-NotreDame,325729,325729,1497134,1.4110676044162705e-05,7291468
s2rmq4m1,5489,5489,281111,0.00933020913554033,1146416
sinc12,7500,7500,294986,0.005244195555555555,1209960
stat96v5,2307,75779,233921,0.0013380512480017336,944928
wy2010,86204,86204,427586,5.753983877220532e-05,2055176
rim,22560,22560,1014951,0.001994191611966199,4150060
n4c6-b8,198895,163215,1790055,5.5141990625861594e-05,7955816
crystk03,24696,24696,1751178,0.0028712900079741277,7103512
xenon1,48600,48600,1181120,0.0005000592728073294,4918896
pcrystk03,24696,24696,1751178,0.0028712900079741277,7103512
tn2010,240116,240116,1193966,2.070855328296721e-05,5736344
kl02,71,36699,212536,0.08156802061997315,850444
li,22695,22695,1350309,0.002621638390758102,5492032
landmark,71952,2704,1151232,0.005917159763313609,4892752
lp_ken_18,105127,154699,358171,2.202361679932703e-05,1853208
flower_7_4,27693,67593,202218,0.00010803092203798964,919660
Trec12,551,2726,151219,0.10067668602274527,607096
Chevron3,381381,381381,3413113,2.346564848481061e-05,15177992
cfd2,123440,123440,3087898,0.00020265210540441666,12845368
g7jac180,53370,53370,747276,0.00026235335887858717,3202600
CurlCurl_1,226451,226451,2472071,4.820726071118466e-05,10794104
TSOPF_RS_b300_c3,42138,42138,4413449,0.0024855944745971067,17822364
thermomech_TC,102158,102158,711558,6.818134149576121e-05,3254880
cz40948,40948,40948,412148,0.00024580335565510986,1812400
mk13-b5,135135,270270,810810,2.22000222000222e-05,3783796
sme3Dc,42930,42930,3148656,0.0017084545836485148,12766360
crashbasis,160000,160000,1750416,6.837562499999999e-05,7641680
f855_mat9_I,2456,2511,171214,0.02776285970394758,694696
ri2010,25181,25181,125750,0.00019831796057928155,603740
Raj1,263743,263743,1302464,1.872422471419449e-05,6264844
t60k,60005,60005,178880,4.9680608442477586e-05,955556
gas_sensor,66917,66917,1703365,0.00038039499500854636,7081144
tmt_unsym,917825,917825,4584801,5.44252865443399e-06,22010520
s4dkt3m2,90449,90449,3753461,0.00045880101325501926,15375656
c-57,37833,37833,405197,0.0002830900860615534,1772136
s1rmq4m1,5489,5489,281111,0.00933020913554033,1146416
D6-6,120576,23740,146880,5.131225215846833e-05,1069840
Zhao2,33861,33861,166453,0.00014517507777460893,801272
dbir2,18906,45877,1158159,0.0013352836220333248,4708276
TSOPF_RS_b300_c1,14538,14538,1474325,0.0069756374540080835,5955468
s3rmt3m3,5357,5357,207695,0.007237402878562481,852224
trdheim,22098,22098,1935324,0.00396321601204439,7829704
delaunay_n20,1048576,1048576,6291372,5.721969500882551e-06,29359808
Chevron4,711450,711450,6376412,1.259759386587791e-05,28351464
mark3jac140sc,64089,64089,399735,9.732069135909203e-05,1855312
nc2010,288987,288987,1416620,1.6962769308100633e-05,6822444
lp_pds_10,16558,49932,107605,0.0001301504313289676,496668
lowThrust_7,17378,17378,211561,0.0007005449800931064,915772
2D_54019_highK,54019,54019,996414,0.00034146542855678386,4201748
c-63,44234,44234,434704,0.0002221678484718782,1915768
gen4,1537,4298,107103,0.016212924381466258,434576
vfem,93476,93476,1434636,0.0001641880272577459,6112464
poisson3Da,13514,13514,352762,0.001931585635330921,1465120
bundle1,10581,10581,770901,0.006885653752317809,3125944
c-45,13206,13206,174452,0.001000307135781883,750648
Franz11,47104,30144,329728,0.00023221868365180467,1507344
c-58,37595,37595,552557,0.00039094611954454487,2360624
t3dl,20360,20360,509866,0.0012299869538870084,2120920
ncvxbqp1,50000,50000,349968,0.00013998720000000001,1599888
helm3d01,32226,32226,428444,0.0004125544345973462,1842696
Maragal_6,21255,10152,537694,0.0024918533051788306,2235812
hangGlider_5,16011,16011,155246,0.0006055967057904701,685044
rlfprim,58866,62716,320591,8.683772729508518e-05,1517844
net125,36720,36720,2577200,0.001911361252319858,10455696
delaunay_n18,262144,262144,1572792,2.2887135855853558e-05,7339760
relat8,345688,12347,1334038,0.00031255211962714105,6718920
mhd4800a,4800,4800,102252,0.004438020833333333,428224
cont11_l,1468599,1961394,5382999,1.868771613350166e-06,27406408
ted_B,10605,10605,144579,0.0012855348982059249,620752
bayer04,20545,20545,159082,0.0003768849117095767,718524
wathen100,30401,30401,471601,0.0005102687577359558,2008024
rajat25,87190,87190,607235,7.98773117324839e-05,2777716
airfoil_2d,14214,14214,259688,0.0012853436591636549,1095624
ccc,49152,49152,147456,6.103515625e-05,786448
mark3jac080,36609,36609,227955,0.00017008788880060554,1058272
minsurfo,40806,40806,203622,0.00012228597437563112,977728
c-56,35910,35910,380900,0.00029537937172520706,1667256
fe_tooth,78136,78136,905182,0.00014826326500530865,3933288
nemeth20,9506,9506,971870,0.010755053039020968,3925520
net75,23120,23120,1489200,0.002785975982088337,6049296
mt2010,132288,132288,638668,3.649507457772272e-05,3083840
nsir,4453,10057,154939,0.003459709255268772,637584
c-62ghs,41731,41731,559343,0.0003211889707643295,2404312
n4c6-b4,20058,5970,100290,0.0008375209380234506,481408
route,20894,43019,206782,0.0002300545517281334,910720
shuttle_eddy,10429,10429,103599,0.0009525115014805308,456128
rail582,582,56097,402290,0.012321869819624538,1611504
FX_March2010,1319,9498,301899,0.024098206062614674,1212888
coAuthorsDBLP,299067,299067,1955352,2.1861902918978154e-05,9017692
conf5_4-8x8-05,49152,49152,1916928,0.00079345703125,7864336
n4c6-b6,104115,51813,728805,0.00013510122942118774,3331696
Dubcova1,16129,16129,253009,0.0009725704862780548,1076568
lowThrust_6,16928,16928,207349,0.0007235868147001333,897124
tsyl201,20685,20685,2454957,0.005737633969818699,9902584
OPF_6000,29902,29902,302418,0.0003382261348322385,1329296
rajat30,643994,643994,6175377,1.4890176089716772e-05,27277500
nemeth21,9506,9506,1173746,0.012989083400391723,4733024
para-5,155924,155924,5416358,0.00022278268146573582,22289144
fp,7548,7548,848553,0.014894131717053253,3424420
net4-1,88343,88343,2441727,0.00031286200139439834,10120296
ch8-8-b5,564480,376320,3386880,1.594387755102041e-05,15805456
net100,29920,29920,2033200,0.0022712080700048615,8252496
pkustk09,33960,33960,1583640,0.0013731598596561324,6470416
c-61,43618,43618,310016,0.0001629493423936285,1414552
av41092,41092,41092,1683902,0.0009972458871730977,6899992
ut2010,115406,115406,572066,4.295259032005559e-05,2749904
wi2010,253096,253096,1209404,1.8879949906352714e-05,5850016
stokes64s,12546,12546,140034,0.0008896576714381655,610336
t3dh_e,79171,79171,4352105,0.0006943318760478372,17725120
n4c6-b5,51813,20058,310878,0.0002991325157044571,1450780
delaunay_n15,32768,32768,196548,0.00018304958939552307,917280
psmigr_3,3140,3140,543162,0.05508965880968802,2185224
rajat10,30202,30202,130303,0.0001428509089938927,642036
lhr10c,10672,10672,232633,0.0020425828830337453,973236
mc2depi,525825,525825,2100225,7.59597213290282e-06,10504216
mark3jac040sc,18289,18289,113435,0.00033913073845287045,526912
psse2,28634,11028,115262,0.0003650121938431802,575600
bcsstk15,3948,3948,117816,0.00755875007313926,487072
pkustk01,22044,22044,979380,0.002015442564665295,4005712
vsp_c-30_data_data,11023,11023,124368,0.0010235499361519907,541580
g7jac180sc,53370,53370,747276,0.00026235335887858717,3202600
tandem_dual,94069,94069,460493,5.2039124119923765e-05,2218264
lung2,109460,109460,492564,4.11104073219064e-05,2408112
barrier2-11,115625,115625,3897557,0.00029153384718772824,16052744
std1_Jac3,21982,21982,1455848,0.0030128785612559103,5911336
goodwin,7320,7320,324784,0.0060613932933201945,1328432
nemeth11,9506,9506,408264,0.004517992091455499,1671096
Dubcova2,65025,65025,1030225,0.0002436527754312104,4381016
pfinan512,74752,74752,596992,0.00010683729358228562,2686992
jnlbrng1,40000,40000,199200,0.00012450000000000002,956816
EAT_RS,23219,23219,325592,0.0006039301374332254,1395260
ca-AstroPh,18772,18772,396160,0.0011242154045752026,1659744
thermomech_dM,204316,204316,1423116,3.4090670747880605e-05,6509744
shyy161,76480,76480,329762,5.637737489277148e-05,1624984
fe_rotor,99617,99617,1324862,0.00013350690448895414,5697932
bloweya,30004,30004,150009,0.0001666322284433977,720068
LargeRegFile,2111154,801374,4944201,2.9224087242165254e-06,28221436
c-47,15343,15343,211401,0.000898020947484166,906992
ckt11752_tr_0,49702,49702,333029,0.00013481379159422367,1530940
venkat01,62424,62424,1717792,0.0004408261894624827,7120880
spmsrtls,29995,29995,229947,0.0002555818535183435,1039784
p010,10090,19090,118000,0.0006126111720549626,512376
soc-Slashdot0902,82168,82168,948464,0.0001404802977277042,4122544
ex19,12005,12005,259879,0.0018032122878135774,1087552
TSOPF_FS_b9_c6,14454,14454,147972,0.0007082774956672499,649720
NotreDame_www,325729,325729,929849,8.763943647655219e-06,5022328
c-42,10471,10471,110285,0.0010058659996415055,483040
nd2010,133769,133769,625946,3.498049151675269e-05,3038876
TSOPF_FS_b39_c19,76216,76216,1977600,0.00034044436406970453,8215280
TSOPF_RS_b2052_c1,25626,25626,6761100,0.010295696120352188,27146920
ca2010,710145,710145,3489366,6.919145412585829e-06,16798060
dc1,116835,116835,766396,5.614451099680582e-05,3532940
ch8-8-b4,376320,117600,1881600,4.2517006802721085e-05,9031696
wang4,26068,26068,177196,0.0002607585091189486,813072
bcsstk25,15439,15439,252241,0.0010582233620331932,1070736
g7jac050sc,14760,14760,157990,0.0007251984782720456,691016
std1_Jac2_db,21982,21982,498771,0.0010322069700107236,2083028
g7jac080sc,23670,23670,293976,0.0005247051906682666,1270600
mark3jac060,27449,27449,170695,0.000226551919169227,792592
Linux_call_graph,324085,324085,1208908,1.1510001771287481e-05,6131988
NACA0015,1039183,1039183,6229636,5.7687086373524515e-06,29075292
vibrobox,12328,12328,342828,0.0022557503513103445,1420640
vsp_barth5_1Ksep_50in_5Kout,32212,32212,203610,0.00019622924056352173,943304
matrix-new_3,125329,125329,2678750,0.00017054109029027015,11216332
conf6_0-4x4-20,3072,3072,119808,0.0126953125,491536
Zd_Jac6_db,22835,22835,663643,0.001272718878096975,2745928
scfxm1-2b,19036,33047,111052,0.0001765300514737417,520368
EAT_SR,23219,23219,325589,0.0006039245728296347,1395248
TSOPF_RS_b300_c2,28338,28338,2943887,0.0036659179787807026,11888916
pds10,16558,16558,149658,0.0005458636572075734,664880
watson_2,352013,677224,1846391,7.745199906083867e-06,8793632
g7jac060,17730,17730,203316,0.0006467762823247375,884200
rajat17,94294,94294,641159,7.211035350954104e-05,2941828
bcsstm36,23052,23052,320606,0.0006033293098081007,1374648
oh2010,365344,365344,1768240,1.3247601386164375e-05,8534352
conf5_4-8x8-10,49152,49152,1916928,0.00079345703125,7864336
208bit,24430,24421,299756,0.0005024362600496345,1296760
waveguide3D,21036,21036,303468,0.0006857827838013708,1298032
net150,43520,43520,3121200,0.00164794921875,12658896
pf2177,9728,9728,725144,0.007662617268654778,2939504
cit-HepPh,34546,34546,421578,0.00035325018813313786,1824512
garon2,13535,13535,390607,0.0021321782149168193,1616584
IG5-17,30162,27944,1035008,0.0012279904756323677,4260696
onetone1,36057,36057,341088,0.0002623537406335929,1508596
c8_mat11,4562,5761,2462970,0.09371432163283919,9870144
bcsstk37,25503,25503,1140977,0.0017542615643095832,4665936
ts-palko,22002,47235,1076903,0.0010362165080078222,4395636
TSOPF_FS_b300_c1,29214,29214,4400122,0.005155640994343908,17717360
neos3,512209,518832,2055024,7.732909701012273e-06,10268948
jan99jac100sc,34454,34454,215862,0.000181843129858524,1001280
ncvxqp7,87500,87500,574962,7.50970775510204e-05,2649864
stat96v1,5995,197472,588798,0.0004973608699195529,2379188
bmw7st_1,141347,141347,7339667,0.000367369558103727,29924072
nemsemm1,3945,75352,1053986,0.003545627040024135,4231740
dixmaanl,60000,60000,299998,8.333277777777778e-05,1440008
structure_4x4_8,32768,32768,5368704,0.004999995231628418,21605904
epb2,25228,25228,175027,0.0002750042491815062,801036
Chevron2,90249,90249,803173,9.861075948078674e-05,3573704
ny2010,350169,350169,1709544,1.3941993991131092e-05,8238868
email-EuAll,265214,265214,420045,5.9717680112364216e-06,2741052
bcsstk36,23052,23052,1143140,0.002151206986812575,4664784
bibd_18_9,153,48620,1750320,0.23529411764705882,7001908
mac_econ_fwd500,206500,206500,1273389,2.9862143765866013e-05,5919572
m14b,214765,214765,3358036,7.280451868000151e-05,14291220
stokes64,12546,12546,140034,0.0008896576714381655,610336
chipcool1,20082,20082,281150,0.0006971466782030742,1204944
thread,29736,29736,4470048,0.005055301829627762,17999152
GL7d13,47271,8899,356232,0.000846831360285345,1614028
mo2010,343565,343565,1656568,1.403432206821239e-05,8000548
Rucci1,1977885,109900,7791168,3.584295770868544e-05,39076228
ASIC_680ks,682712,682712,2329176,4.99720577814811e-06,12047568
EX6,6545,6545,295680,0.006902440120433201,1208916
heart2,2339,2339,682797,0.12480476321994048,2740560
bibd_15_7,105,6435,135135,0.2,540976
sme3Da,12504,12504,874887,0.005595694982212218,3549580
crplat2,18010,18010,960946,0.0029625900349642266,3915840
case39,40216,40216,1042160,0.0006443719925926949,4329520
rlfdual,8052,74970,282031,0.0004672029434393396,1160348
t520,5563,5563,286341,0.009252634724906339,1167632
conf5_0-4x4-22,3072,3072,119808,0.0126953125,491536
nmos3,18588,18588,386594,0.0011188961559804116,1620744
vanbody,47072,47072,2336898,0.001054664808146717,9535896
a0nsdsil,80016,80016,355034,5.545187953011278e-05,1740216
H2O,67024,67024,2216736,0.0004934615156008008,9135056
epb3,84617,84617,463625,6.475176317354203e-05,2192984
usroads,129164,129164,330870,1.9832361019731453e-05,1840152
pltexpa,26894,70364,143059,7.559781868721556e-05,679828
va2010,285762,285762,1402128,1.717033263003816e-05,6751576
in2010,267071,267071,1281716,1.796959713433362e-05,6195164
cavity26,4562,4562,138187,0.006639824899706148,571012
rlfddd,4050,61521,264627,0.0010620763641683328,1074724
nemeth18,9506,9506,695234,0.007693702392841329,2818976
bcsstk17,10974,10974,428650,0.0035593682023042418,1758512
cit-HepTh,27770,27770,352807,0.0004574940327908307,1522324
bauru5727,40366,40366,145019,8.900071063341254e-05,741556
coAuthorsCiteseer,227320,227320,1628268,3.1510158890645976e-05,7422368
ted_AB_unscaled,10605,10605,522387,0.004644842742508238,2131984
amazon0312,400727,400727,3200440,1.9930237750099465e-05,14404684
TSOPF_RS_b678_c1,18696,18696,4396289,0.012577340984797592,17659956
stat96v4,3173,63076,491336,0.002454959711531741,1978052
image_interp,240000,120000,711683,2.4711215277777776e-05,3806748
jan99jac120,41374,41374,260202,0.00015200420774322924,1206320
para-8,155924,155924,5416358,0.00022278268146573582,22289144
c-59,41282,41282,480536,0.0002819710165087066,2087288
nv2010,84538,84538,416998,5.834854541312382e-05,2006160
la2010,204447,204447,980634,2.3460942891476498e-05,4740340
s3dkq4m2,90449,90449,4820891,0.0005892773830851054,19645376
ex11,16614,16614,1096948,0.0039740893610953985,4454264
cvxqp3,17500,17500,122462,0.0003998759183673469,559864
bibd_16_8,120,12870,360360,0.23333333333333334,1441936
viscorocks,37762,37762,1162244,0.0008150557902449922,4800040
ASIC_680k,682862,682862,3871773,8.303171256088673e-06,18218556
citationCiteseer,268495,268495,2313294,3.2089165737062926e-05,10327172
mixtank_new,29957,29957,1995041,0.002223080485752693,8100008
tmt_sym,726713,726713,5080961,9.62099530892091e-06,23230712
soc-sign-Slashdot081106,77357,77357,516575,8.632451490077344e-05,2375744
language,399130,399130,1216334,7.635264782228231e-06,6461872
qa8fk,66127,66127,1660579,0.0003797536009156156,6906840
consph,83334,83334,6010480,0.0008654952720202559,24375272
cond-mat-2003,31163,31163,240058,0.0002471938514503677,1084900
msc10848,10848,10848,1229778,0.010450266514605686,4962520
mplate,5962,5962,142190,0.004000231365797541,592624
brack2,62631,62631,733118,0.0001868939275901491,3183012
iChem_Jacobian,274087,274087,4137369,5.507409652243539e-05,17645840
onera_dual,85567,85567,419201,5.7254509499561625e-05,2019088
il2010,451554,451554,2164464,1.061526839820627e-05,10464088
cop20k_A,121192,121192,2624331,0.00017867784480832968,10982108
neos2,132568,134128,685087,3.8528985465202017e-05,3270636
nemeth03,9506,9506,394808,0.004369083293269459,1617272
xenon2,157464,157464,3866688,0.00015594683739093623,16096624
turon_m,189924,189924,1690876,4.687616379095736e-05,7523216
nemeth13,9506,9506,474472,0.005250672955776344,1935928
TF18,95368,123867,1597545,0.00013523677514086583,6771668
Ga3As3H12,61349,61349,5970947,0.00158645676215025,24129200
FEM_3D_thermal1,17880,17880,430740,0.001347349218503671,1794496
mult_dcop_03,25187,25187,193216,0.00030457215955884354,873628
Lin,256000,256000,1766400,2.6953125000000003e-05,8089616
c-67b,57975,57975,531935,0.0001582621466443005,2359656
g7jac100sc,29610,29610,384636,0.0004387055360346442,1657000
dc2,116835,116835,766396,5.614451099680582e-05,3532940
c-71,76638,76638,859554,0.00014634734250443347,3744784
vsp_data_and_seymourl,9167,9167,111732,0.0013296064400875223,483612
ch7-7-b5,35280,52920,211680,0.00011337868480725624,987856
jan99jac120sc,41374,41374,260202,0.00015200420774322924,1206320
bas1lp,5411,9825,587775,0.01105607604526262,2372760
ramage02,16830,16830,2866352,0.010119552097113176,11532744
n4c6-b10,132402,186558,1456422,5.896289625746417e-05,6355312
pkustk02,10800,10800,810000,0.006944444444444444,3283216
para-10,155924,155924,5416358,0.00022278268146573582,22289144
ks2010,238600,238600,1121798,1.970487946943929e-05,5441608
sc205-2r,35213,62423,123239,5.6066120005156326e-05,633824
Na5,5832,5832,305630,0.008985886956407202,1245864
TSOPF_RS_b39_c7,14098,14098,252446,0.0012701455214869965,1066192
heart3,2339,2339,682797,0.12480476321994048,2740560
lowThrust_13,18476,18476,224897,0.0006588214872153999,973508
TSOPF_RS_b162_c1,5374,5374,205399,0.007112184276691492,843108
a5esindl,60008,60008,255004,7.08155590364248e-05,1260064
chem_master1,40401,40401,201201,0.00012326673850863992,966424
EternityII_E,11077,262144,1503732,0.0005178552269236086,6059252
c-50,22401,22401,193625,0.0003858572090465113,864120
ASIC_320k,321821,321821,2635364,2.5445550383522345e-05,11828756
nemeth08,9506,9506,394816,0.004369171824065052,1617304
cz20468,20468,20468,206076,0.0004918997472052162,906192
auto,448695,448695,6629222,3.292760193552587e-05,28311684
fome20,33874,108175,232647,6.348981616629847e-05,1066100
stat96v2,29089,957432,2852184,0.0001024096327971938,11525108
ckt11752_dc_1,49702,49702,333029,0.00013481379159422367,1530940
mult_dcop_01,25187,25187,193276,0.00030466673935334053,873868
wing_nodal,10937,10937,150976,0.0012621515083574108,647668
skirt,12598,12598,196520,0.0012382363451678702,836488
water_tank,60740,60740,2035281,0.0005516642020936167,8384100
TF16,15437,19321,216173,0.0007247845799095796,926456
TSOPF_FS_b39_c7,28216,28216,730080,0.000917021584634199,3033200
G_n_pin_pout,100000,100000,1002396,0.0001002396,4409600
Dubcova3,146689,146689,3636649,0.0001690076216526454,15133368
rma10,46835,46835,2374001,0.0010822805369125835,9683360
pkustk06,43164,43164,2571768,0.0013803474600316006,10459744
caidaRouterLevel,192244,192244,1218132,3.2960118446950486e-05,5641520
jan99jac060sc,20614,20614,127182,0.00029929613377320524,591200
qa8fm,66127,66127,1660579,0.0003797536009156156,6906840
jan99jac100,34454,34454,215862,0.000181843129858524,1001280
cca,49152,49152,139264,5.7644314236111116e-05,753680
baxter,27441,30733,111576,0.00013230184423868957,556084
f855_mat9,2456,2511,171214,0.02776285970394758,694696
ncvxqp5,62500,62500,424966,0.000108791296,1949880
EX5,6545,6545,295680,0.006902440120433201,1208916
web-Stanford,281903,281903,2312497,2.9099249131415e-05,10377616
lowThrust_10,18260,18260,222005,0.00066582670420805,961076
webbase-1M,1000005,1000005,3105536,3.105504944872914e-06,16422180
vsp_finan512_scagr7-2c_rlfddd,139752,139752,1104040,5.65286670357052e-05,4975184
cant,62451,62451,4007383,0.0010275005372830895,16279352
raefsky2,3242,3242,294276,0.02799811694215458,1190088
ecology1,1000000,1000000,4996000,4.996e-06,23984016
onetone2,36057,36057,227628,0.0001750840172417191,1054756
cfd1,70656,70656,1828364,0.00036623898085313944,7596096
rel8,345688,12347,821839,0.00019254887899913643,4670124
netherlands_osm,2216688,2216688,4882476,9.93644371210159e-07,28396672
k3plates,11107,11107,378927,0.0030715812496252496,1560152
Wordnet3,82670,82670,132964,1.9455311844883554e-05,862552
mri1,65536,147456,589824,6.103515625e-05,2621456
Delor295K,295734,1823928,2401323,4.4518613766851075e-06,10788244
ne2010,193352,193352,913854,2.444440551355584e-05,4428840
coater2,9540,9540,207308,0.0022778195306971862,867408
c-65,48066,48066,360528,0.00015604973486425998,1634392
c-62,41731,41731,559343,0.0003211889707643295,2404312
af23560,23560,23560,484256,0.0008724176397508366,2031280
sctap1-2r,28830,63426,186366,0.00010191889780984128,860800
rajat24,358172,358172,1948235,1.518651338305638e-05,9225644
lp_fit2d,25,10524,129042,0.4904675028506272,516284
nh2010,48837,48837,234550,9.834164791526655e-05,1133564
TSOPF_FS_b162_c1,10798,10798,608540,0.005219182508638916,2477368
patents_main,240547,240547,560943,9.694353297922595e-06,3205976
engine,143571,143571,4706073,0.0002283101445094098,19398592
Delor64K,64719,1785345,652140,5.643998495812867e-06,2867452
srb1,54924,54924,2962152,0.0009819356397646867,12068320
TSC_OPF_300,9774,9774,820804,0.008592010415542686,3322328
Zd_Jac3,22835,22835,1916152,0.0036747510690284912,7755964
nemeth14,9506,9506,496144,0.005490502881035548,2022616
pkustk10,80676,80676,4308984,0.0006620429525794852,17558656
obstclae,40000,40000,197608,0.000123505,950448
ch7-9-b5,423360,317520,2540160,1.889644746787604e-05,11854096
rgg_n_2_16_s0,65536,65536,684254,0.0001593152992427349,2999176
e40r0100,17281,17281,553562,0.0018536533882473876,2283388
psmigr_1,3140,3140,543162,0.05508965880968802,2185224
n4c6-b11,69235,132402,830820,9.063307200797571e-05,3600236
t2dah_a,11445,11445,176117,0.0013445274863866372,750264
nemeth23,9506,9506,1506810,0.016674886013280772,6065280
Baumann,112211,112211,760631,6.0409209950769346e-05,3491384
s3rmq4m1,5489,5489,281111,0.00933020913554033,1146416
wiki-Talk,2394385,2394385,5021410,8.758660987133842e-07,29663196
Trec14,3159,15905,2872265,0.05716644778435271,11501712
Stanford,281903,281903,2312497,2.9099249131415e-05,10377616
TSOPF_RS_b162_c3,15374,15374,610299,0.0025820753096011946,2502708
olafu,16146,16146,1015156,0.0038940622474570846,4125224
cbuckle,13681,13681,676515,0.0036144460322306018,2760800
nm2010,168609,168609,830970,2.9229665117543904e-05,3998332
barrier2-4,113076,113076,3805068,0.0002975922027905323,15672592
Maragal_7,46845,26564,1200537,0.0009647589907020993,4989544
mario002,389874,389874,2101242,1.382380265521541e-05,9964480
ted_A,10605,10605,424587,0.003775246791197608,1740784
Ill_Stokes,20896,20896,191368,0.0004382712665539424,849072
c-66b,49989,49989,499007,0.0001996906542228304,2196000
sme3Db,29067,29067,2081063,0.002463115666579601,8440536
g7jac140sc,41490,41490,565956,0.0003287727382757991,2429800
bratu3d,27792,27792,173796,0.00022500914764801044,806368
r05,5190,9690,104145,0.0020708435488585456,437356
rajat21,411676,411676,1893370,1.1171831924696599e-05,9220200
TSC_OPF_1047,8140,8140,2016902,0.030439392933250427,8100184
finance256,37376,37376,298496,0.00021367458716457124,1343504
majorbasis,160000,160000,1750416,6.837562499999999e-05,7641680
venkat25,62424,62424,1717792,0.0004408261894624827,7120880
cond-mat-2005,40421,40421,351386,0.00021506530141209566,1567244
bcircuit,68902,68902,375558,7.910671697110005e-05,1777856
pkustk08,22209,22209,3226671,0.00654179119055914,12995536
shar_te2-b2,200200,17160,600600,0.00017482517482517483,3203216
twotone,120750,120750,1224224,8.396274149231211e-05,5379912
email-Enron,36692,36692,367662,0.0002730901120626302,1617432
3Dspectralwave2,292008,292008,7307376,8.569825028487969e-05,30397552
ct2010,67578,67578,336352,7.365179664938298e-05,1615736
3D_28984_Tetra,28984,28984,599170,0.0007132362671431919,2512632
torsion1,40000,40000,197608,0.000123505,950448
vsp_c-60_data_cti_cs4,85830,85830,482160,6.545049770599507e-05,2271976
scsd8-2b,5130,35910,112770,0.0006121541670941486,471616
pds-50,83060,275814,590833,2.579030692751234e-05,2695588
hi2010,25016,25016,124126,0.00019834763378556367,596584
2D_27628_bjtcai,27628,27628,442898,0.0005802362056492377,1882120
wv2010,135218,135218,662922,3.625712934337635e-05,3192576
pkustk12,94653,94653,7512317,0.0008385040005906632,30427896
cage13,445315,445315,7479343,3.7716275721267936e-05,31698648
ch8-8-b3,117600,18816,470400,0.00021258503401360543,2352016
conf6_0-8x8-20,49152,49152,1916928,0.00079345703125,7864336
delaunay_n16,65536,65536,393150,9.153736755251884e-05,1834760
lp_cre_b,9648,77137,260785,0.00035041490328497607,1081748
LeGresley_87936,87936,87936,593276,7.672260966159854e-05,2724864
bloweybl,30003,30003,120000,0.0001333066706661334,600028
TSOPF_RS_b39_c19,38098,38098,684206,0.0004713923425075804,2889232
md2010,145247,145247,700378,3.319847646729118e-05,3382516
apache1,80800,80800,542184,8.304700519556907e-05,2491952
rgg_n_2_15_s0,32768,32768,320480,0.00029847025871276855,1413008
lhr71c,70304,70304,1528092,0.00030916436588851974,6393600
ms2010,171778,171778,839980,2.8466486130018752e-05,4047048
ins2,309412,309412,2751484,2.8740391888123636e-05,12243600
aft01,8205,8205,125567,0.001865169682581592,535104
kim1,38415,38415,933195,0.0006323692276791974,3886456
conf6_0-4x4-30,3072,3072,119808,0.0126953125,491536
ABACUS_shell_ld,23412,23412,218484,0.00039860487636483914,967600
diag,1000000,1000000,1000000,1e-06,8000016
neos1,131581,133473,599590,3.4140334852131485e-05,2924700
belgium_osm,1441295,1441295,3099940,1.492270411698371e-06,18164956
t2dah,11445,11445,176117,0.0013445274863866372,750264
2cubes_sphere,101492,101492,1647264,0.00015991882335745372,6995040
stormg2-125,66185,172431,433256,3.796379903487037e-05,1997780
t3dl_a,20360,20360,509866,0.0012299869538870084,2120920
fome12,24284,48920,142528,0.0001199757624178214,667264
nemeth02,9506,9506,394808,0.004369083293269459,1617272
fe_ocean,143437,143437,819186,3.9816229854502686e-05,3850508
nug08-3rd,19728,29856,148416,0.0002519799824233368,672592
vt2010,32580,32580,155598,0.0001465891580662192,752728
nemeth26,9506,9506,1511760,0.01672966444305343,6085080
vsp_south31_slptsk,39668,39668,379828,0.00024138282604953577,1678000
lhr07,7337,7337,156508,0.0029073646357957728,655396
rajat28,87190,87190,607235,7.98773117324839e-05,2777716
msc23052,23052,23052,1154814,0.0021731755911515447,4711480
juba40k,40337,40337,144945,8.908324906849986e-05,741144
pds-90,142823,475448,1014136,1.4934649120669715e-05,4627852
Pres_Poisson,14822,14822,715804,0.0032582207344725896,2922520
boyd2,466316,466316,1500397,6.899943795024094e-06,7866868
TSOPF_RS_b162_c4,20374,20374,812749,0.0019579601127127292,3332508
opt1,15449,15449,1930655,0.008089169351991735,7784432
ky2010,161672,161672,787778,3.0139373915192504e-05,3797816
kneser_10_4_1,349651,330751,992252,8.57997539425755e-06,5367628
ABACUS_shell_md,23412,23412,218484,0.00039860487636483914,967600
pds-100,156243,514577,1096002,1.3632026032590415e-05,5008996
HTC_336_9129,226340,226340,883422,1.7244300697541726e-05,4439064
FEM_3D_thermal2,147900,147900,3489300,0.0001595151594945875,14548816
Ga10As10H30,113081,113081,6115633,0.000478257880287689,24914872
lp_cre_d,8926,73948,246614,0.00037362369601369846,1022176
shipsec1,140874,140874,7813404,0.000393711942163783,31817128
bcsstk39,46772,46772,2089294,0.0009550534440537456,8544280
mi2010,329885,329885,1578090,1.450128977147932e-05,7631916
invextr1_new,30412,30412,1793881,0.0019395619982137027,7297188
Delor338K,343236,887058,4211599,1.383254732651623e-05,18219356
model10,4400,16819,150372,0.0020319552021793533,619104
filter3D,106437,106437,2707179,0.00023896358340534318,11254480
TSOPF_RS_b39_c30,60098,60098,1079986,0.0002990185195655686,4560352
c-64b,51035,51035,717841,0.000275608128167046,3075520
parabolic_fem,525825,525825,3674625,1.3290170862106691e-05,16801816
vsp_bcsstk30_500sep_10in_1Kout,58348,58348,4033156,0.0011846582194260417,16366032
std1_Jac2,21982,21982,1248731,0.0025842497696707727,5082868
lp_maros_r7,3136,9408,144848,0.00490952120644176,591952
raefsky4,19779,19779,1328611,0.003396168135167477,5393576
vsp_sctap1-2b_and_seymourl,40174,40174,281662,0.00017451714850724433,1287360
g7jac040sc,11790,11790,114671,0.000824946890055761,505860
poisson3Db,85623,85623,2374949,0.0003239465860221328,9842304
Zd_Jac2,22835,22835,1642833,0.0031505863433513017,6662688
pds-40,66844,217531,466800,3.21031213570273e-05,2134592
ABACUS_shell_ud,23412,23412,218484,0.00039860487636483914,967600
ch7-8-b4,141120,58800,705600,8.503401360544217e-05,3386896
bcsstk35,30237,30237,1450163,0.0015861323407194705,5921616
F2,71505,71505,5294285,0.0010354627841405977,21463176
bayer01,57735,57735,277774,8.333227770734896e-05,1342052
ASIC_100k,99340,99340,954163,9.668837480177709e-05,4214028
windscreen,22692,22692,1482390,0.0028788360127196626,6020344
net25,9520,9520,401200,0.004426770708283314,1642896
Si5H12,19896,19896,738598,0.0018658493809950868,3033992
raefsky1,3242,3242,294276,0.02799811694215458,1190088
bcsstk28,4410,4410,219024,0.011261974177426073,893752
nemeth17,9506,9506,629620,0.0069675949400932035,2556520
hvdc1,24842,24842,159981,0.00025923598838565215,739308
Trec13,1301,6561,654517,0.07667849792774273,2623288
OPF_10000,43887,43887,467711,0.00024283193182288705,2046408
benzene,8219,8219,242669,0.0035923309465435063,1003568
mk12-b4,62370,51975,311850,9.62000962000962e-05,1496896
transient,178866,178866,961790,3.006247049195468e-05,4562640
stokes128,49666,49666,558594,0.00022645290595135962,2433056
ma2010,157508,157508,776610,3.130384932411214e-05,3736488
t3dh,79171,79171,4352105,0.0006943318760478372,17725120
nemeth24,9506,9506,1506550,0.016672008762424025,6064240
foldoc,13356,13356,120238,0.0006740450488437401,534392
mark3jac060sc,27449,27449,170695,0.000226551919169227,792592
nemeth07,9506,9506,394812,0.004369127558667256,1617288
cz10228,10228,10228,102876,0.0009834054958751189,452432
barrier2-1,113076,113076,3805068,0.0002975922027905323,15672592
smt,25710,25710,3753184,0.005678004115254353,15115592
south31,18425,36321,112398,0.0001679551363525973,523308
roadNet-PA,1090920,1090920,3083796,2.591193425872363e-06,16698880
aug3dcqp,35543,35543,128115,0.00010141257678335721,654648
Chevron1,37365,37365,330633,0.00023681882637793128,1472008
scsd8-2c,5130,35910,112770,0.0006121541670941486,471616
pkustk11,87804,87804,5217912,0.0006768121528420422,21222880
cavity18,4562,4562,138187,0.006639824899706148,571012
thermomech_TK,102158,102158,711558,6.818134149576121e-05,3254880
hvdc2,189860,189860,1347273,3.73756413173272e-05,6148548
rajat18,94294,94294,485143,5.456342846732132e-05,2317764
blockqp1,60012,60012,640033,0.00017771585099541224,2800196
144,144649,144649,2148786,0.00010269807297707719,9173756
n4c6-b12,25605,69235,332865,0.0001877663031703618,1433896
ford1,18728,18728,101576,0.00028960650010464794,481232
rail_79841,79841,79841,553921,8.689522150578317e-05,2535064
shipsec8,114919,114919,6653399,0.0005038020057407933,27073288
para-7,155924,155924,5416358,0.00022278268146573582,22289144
sinc15,11532,11532,568526,0.004275048669410033,2320248
s2rmt3m1,5489,5489,219521,0.007286007447744659,900056
random1,4096,4096,167772,0.009999990463256836,687488
mod2,34774,66409,199810,8.652380889649278e-05,938352
c-43,11125,11125,123675,0.000999267769221058,539216
c-54,31793,31793,391693,0.00038750988925943764,1693960
GL7d14,171375,47271,1831183,0.0002260421816933049,8010248
EternityII_A,7362,150638,782087,0.0007052201503067065,3157812
pct20stif,52329,52329,2698463,0.0009854431990181545,11003184
cavity23,4562,4562,138187,0.006639824899706148,571012
c-73,169422,169422,1279274,4.4568084096987286e-05,5794800
ted_B_unscaled,10605,10605,144579,0.0012855348982059249,620752
GL7d24,21074,105054,593892,0.0002682550499266547,2459880
inlet,11730,11730,328323,0.0023861914386570818,1360228
Trefethen_20000b,19999,19999,554435,0.0013862261191463492,2297752
bcsstk38,8032,8032,355460,0.005509895180235234,1453984
GL7d15,460261,171375,6080381,7.708664574963493e-05,26162584
copter1,17222,17222,211064,0.0007116181144801042,913160
us04,163,28016,297538,0.06515514359892506,1190820
c-69,67458,67458,623970,0.00013711873170509195,2765728
Zd_Jac2_db,22835,22835,676439,0.0012972587448086392,2797112
or2010,196621,196621,979512,2.533669478464367e-05,4704548
fome21,67748,216350,465294,3.174490808314924e-05,2132184
conf5_0-4x4-10,3072,3072,119808,0.0126953125,491536
vsp_vibrobox_scagr7-2c_rlfddd,77328,77328,871172,0.00014569020449579155,3794016
soc-sign-Slashdot090216,81871,81871,545671,8.140867447881048e-05,2510184
ch7-8-b5,141120,141120,846720,4.2517006802721085e-05,3951376
qc2534,2534,2534,463360,0.07216146126959071,1863592
rail516,516,47827,315412,0.01278072147304813,1263728
man_5976,5976,5976,225046,0.006301589669700669,924104
offshore,259789,259789,4242673,6.286342568526053e-05,18009864
g7jac060sc,17730,17730,203316,0.0006467762823247375,884200
circuit_4,80209,80209,307604,4.781297587004791e-05,1551268
lhr14c,14270,14270,307858,0.00151182839315258,1288528
fxm4_6,18892,18892,497844,0.0013948817865676317,2066960
c-64,51035,51035,717841,0.000275608128167046,3075520
Kemelmacher,28452,9693,100875,0.0003657737501219971,517324
sc2010,181908,181908,893160,2.699141589421934e-05,4300288
venkat50,62424,62424,1717792,0.0004408261894624827,7120880
ibm_matrix_2,51448,51448,1056610,0.0003991882261227826,4432248
connectus,512,394792,1127525,0.0055781202902414435,4512164
nasa2910,2910,2910,174296,0.0205826572666832,708840
rajat26,51032,51032,249302,9.57283524151803e-05,1201352
g3rmt3m3,5357,5357,207695,0.007237402878562481,852224
lhr10,10672,10672,232633,0.0020425828830337453,973236
watson_1,201155,386992,1055093,1.3553701677192597e-05,5025008
c-66,49989,49989,499007,0.0001996906542228304,2196000
chipcool0,20082,20082,281150,0.0006971466782030742,1204944
enron,69244,69244,276143,5.7593005557589994e-05,1381564
conf5_4-8x8-20,49152,49152,1916928,0.00079345703125,7864336
lhr07c,7337,7337,156508,0.0029073646357957728,655396
laminar_duct3D,67173,67173,3833077,0.0008494895763571747,15601016
HEP-th,27240,27240,342437,0.0004614944443366303,1478724
bcsstk24,3562,3562,159910,0.012603402122535554,653904
c-46,14913,14913,130397,0.0005863238550058073,581256
GaAsH6,61349,61349,3381809,0.000898533139944229,13772648
stomach,213360,213360,3021648,6.637703751597979e-05,12940048
RFdevice,74104,74104,365580,6.657315302655081e-05,1758752
bcsstk30,28924,28924,2043492,0.002442621841251464,8289680
conf6_0-8x8-80,49152,49152,1916928,0.00079345703125,7864336
nw14,73,123409,904910,0.10044670483725071,3619948
scagr7-2r,32847,46679,120141,7.835631227852766e-05,611968
viscoplastic2,32769,32769,381326,0.0003551158372064838,1656396
mk12-b3,51975,13860,207900,0.0002886002886002886,1039516
dictionary28,52652,52652,178076,6.423557952001139e-05,922928
randomlarge01,32768,32768,1073741,0.0009999992325901985,4426052
EternityII_Etilde,10054,204304,1170516,0.0005698513795727833,4722296
web-Google,916428,916428,5105039,6.078583186031663e-06,24085884
fl2010,484481,484481,2346294,9.99606174861054e-06,11323116
dblp-2010,326186,326186,1615400,1.5182715161520176e-05,7766360
mark3jac080sc,36609,36609,227955,0.00017008788880060554,1058272
bbmat,38744,38744,1771722,0.0011802843969227592,7241880
gupta2,62064,62064,4248286,0.001102895137027593,17241416
nemeth10,9506,9506,401448,0.004442563853610965,1643832
pkustk05,37164,37164,2205144,0.0015965850272884829,8969248
c-big,345241,345241,2341011,1.964077961773783e-05,10745024
apache2,715176,715176,4817870,9.419529563343244e-06,22132200
Reuters911,13332,13332,296076,0.0016657606354694874,1237648
bcsstk16,4884,4884,290378,0.012173414200441228,1181064
g7jac100,29610,29610,384636,0.0004387055360346442,1657000
lp_nug20,15240,72600,304800,0.0002754820936639118,1280176
nasasrb,54870,54870,2677324,0.0008892646133550452,10928792
wheel_601,902103,723605,2170814,3.3255610701112353e-06,12291684
cavity19,4562,4562,138187,0.006639824899706148,571012
TSOPF_FS_b39_c30,120216,120216,3121160,0.00021596903396029513,12965520
ecology2,999999,999999,4995991,4.996000991996987e-06,23983976
p2p-Gnutella31,62586,62586,147892,3.77563749690709e-05,841928
sd2010,88360,88360,410722,5.260615396785159e-05,1996344
mark3jac040,18289,18289,113435,0.00033913073845287045,526912
pli,22695,22695,1350309,0.002621638390758102,5492032
IG5-15,11369,11987,323509,0.002373851761873293,1339528
ca-CondMat,23133,23133,186936,0.00034932448693400454,840292
shock-9,36476,36476,142580,0.00010716283547529328,716240
pds-80,129181,434580,927826,1.6527157302805448e-05,4228044
torso2,115967,115967,1033473,7.684759672365364e-05,4597776
gridgena,48962,48962,512084,0.00021361065290196755,2244200
bfly,49152,49152,196608,8.138020833333333e-05,983056
exdata_1,6001,6001,2269501,0.06302068579860363,9102024
rajat09,24482,24482,105573,0.0001761404394804154,520236
n4c6-b9,186558,198895,1865580,5.027778476080344e-05,8208568
cyl6,13681,13681,714241,0.003816006368678325,2911704
sparsine,50000,50000,1548988,0.0006195952,6395968
raefsky6,3402,3402,137845,0.011910291729352412,565004
bcsstk18,11948,11948,149090,0.0010443788948628972,644168
bodyy4,17546,17546,121938,0.0003960799126060707,557952
c-73b,169422,169422,1279274,4.4568084096987286e-05,5794800
rajat22,39899,39899,197264,0.00012391498061666586,948668
para-4,153226,153226,5326228,0.00022685837903885773,21917832
me2010,69518,69518,335476,6.941717214308457e-05,1619992
ca-HepPh,12008,12008,237010,0.0016437104333287026,996088
gyro_k,17361,17361,1021159,0.0033880038501505096,4154096
rgg_n_2_17_s0,131072,131072,1457506,8.483801502734423e-05,6354328
trans4,116835,116835,766396,5.614451099680582e-05,3532940
al2010,252266,252266,1230482,1.9335607567976155e-05,5931008
thermomech_dK,204316,204316,2846228,6.818124567596647e-05,12202192
stat96v3,33841,1113780,3317736,8.802361942181795e-05,13406324
piston,2025,2025,100015,0.024390184423106233,408176
graham1,9035,9035,335504,0.0041099958992407625,1378172
g7jac140,41490,41490,565956,0.0003287727382757991,2429800
a2nnsnsl,80016,80016,347222,5.423174263367682e-05,1708968
amazon0505,410236,410236,3356824,1.9946239695231486e-05,15068256
ns3Da,20414,20414,1679599,0.004030411473965355,6800068
preferentialAttachment,100000,100000,999970,9.999700000000001e-05,4399896
scfxm1-2r,37980,65943,221388,8.83955526817059e-05,1037488
barrier2-2,113076,113076,3805068,0.0002975922027905323,15672592
bodyy6,19366,19366,134748,0.00035928780192262007,616472
wing,62032,62032,243088,6.317306570916928e-05,1220496
ok2010,269118,269118,1274148,1.759277642955911e-05,6173080
TF19,241029,317955,4370721,5.703193764531273e-05,18447016
largebasis,440020,440020,5560100,2.871691410550092e-05,24000496
shar_te2-b3,200200,200200,800800,1.998001998001998e-05,4004016
lowThrust_8,17702,17702,216445,0.0006907213577356025,936604
gyro_m,17361,17361,340431,0.0011294828118937287,1431184
pkustk03,63336,63336,3130416,0.0007803704050976399,12775024
lowThrust_11,18368,18368,223801,0.0006633431996943632,968692
fxm3_16,41340,85575,392252,0.0001108786134830816,1734384
vsp_mod2_pgp2_slptsk,101364,101364,778736,7.579189602451269e-05,3520416
c-48,18354,18354,166080,0.0004930101737137734,737752
g7jac160,47430,47430,656616,0.00029188058756450964,2816200
as-caida,31379,31379,106762,0.00010842726485909405,552580
fem_filter,74062,74062,1731206,0.00031561517566168614,7221088
struct4,4350,4350,237798,0.012566944114149822,968608
az2010,241666,241666,1196094,2.0480200508917108e-05,5751056
vsp_model1_crew1_cr42_south31,45101,45101,379952,0.00018679119141387862,1700228
rajat23,110355,110355,556938,4.573227651192325e-05,2669188
cont-201,80595,80595,438795,6.755312915744705e-05,2077576
192bit,13691,13682,154303,0.0008237389717082502,671992
conf5_0-4x4-14,3072,3072,119808,0.0126953125,491536
cavity25,4562,4562,138187,0.006639824899706148,571012
IG5-16,18846,18485,588326,0.0016888045873058892,2428704
std1_Jac3_db,21982,21982,531826,0.0011006143180596368,2215248
raefsky5,6316,6316,168658,0.004227880497713618,699912
nj2010,169588,169588,829912,2.8856377270976293e-05,3998016
bibd_81_3,3240,85320,255960,0.000925925925925926,1036816
n4c6-b7,163215,104115,1305720,7.683811170340489e-05,5875756
c-70,68924,68924,658986,0.00013871877363121353,2911656
ship_001,34920,34920,4644230,0.0038085990035807587,18716616
c-68,64810,64810,566006,0.0001347525499209456,2523280
CAG_mat1916,1916,1916,195985,0.05338654599657428,791620
lhr17c,17576,17576,381975,0.0012365020813958042,1598220
pds-30,49944,158489,340635,4.303351512996463e-05,1562332
astro-ph,16706,16706,242502,0.0008689011471536058,1036848
g7jac160sc,47430,47430,656616,0.00029188058756450964,2816200
oilpan,73752,73752,3597188,0.0006613259005966599,14683776
HTC_336_4438,226340,226340,904522,1.765617038690664e-05,4523464
lp_nug30,52260,379350,1567800,7.908264136022143e-05,6480256
crystm01,4875,4875,105339,0.004432410256410256,440872
fome13,48568,97840,285056,5.99878812089107e-05,1334512
c-39,9271,9271,136811,0.0015917243318817656,584344
boyd1,93279,93279,1211231,0.00013920640385164075,5218056
ar2010,186211,186211,904310,2.607994484518405e-05,4362100
tomographic1,73159,59498,647495,0.00014875319113725495,2882632
lp_pds_20,33874,108175,232647,6.348981616629847e-05,1066100
jan99jac080sc,27534,27534,171522,0.00022624615952545715,796240
conf5_4-8x8-15,49152,49152,1916928,0.00079345703125,7864336
karted,46502,133115,1770349,0.00028599619929761775,7267420
ch7-9-b4,317520,105840,1587600,4.72411186696901e-05,7620496
nasa4704,4704,4704,104756,0.004734174707297885,437856
ted_A_unscaled,10605,10605,424587,0.003775246791197608,1740784
Stanford_Berkeley,683446,683446,7583376,1.623507045439736e-05,33067304
pa2010,421545,421545,2058462,1.1583904521779723e-05,9920044
psmigr_2,3140,3140,540022,0.0547711874721084,2172664
CurlCurl_0,11083,11083,113343,0.0009227414654392767,497720
boneS01,127224,127224,6715152,0.00041487546832183415,27369520
G2_circuit,150102,150102,726674,3.225274357728848e-05,3507120
ESOC,327062,37830,6019939,0.00048654796576736033,25388020
lp_osa_30,4350,104374,604488,0.0013313924791680844,2435368
cavity24,4562,4562,138187,0.006639824899706148,571012
SiO,33401,33401,1317655,0.0011810894098446814,5404240
stormG2_1000,528185,1377306,3459881,4.756030805479048e-06,15952280
soc-Epinions1,75888,75888,508837,8.83552721302305e-05,2338916
nemeth12,9506,9506,446818,0.004944644128113091,1825312
conf6_0-8x8-30,49152,49152,1916928,0.00079345703125,7864336
cis-n4c6-b4,20058,5970,100290,0.0008375209380234506,481408
gupta1,31802,31802,2164210,0.0021398854851536198,8784064
nemeth22,9506,9506,1358832,0.0150373097545134,5473368
m133-b3,200200,200200,800800,1.998001998001998e-05,4004016
wiki-Vote,8297,8297,103689,0.0015062272690078554,447960
c-41,9769,9769,101745,0.0010661366102363303,446072
nemeth09,9506,9506,395506,0.004376807605184877,1620064
lhr34,35152,35152,764014,0.0006183028347506603,3196680
pkustk13,94893,94893,6616827,0.000734820774890912,26846896
IG5-18,47894,41550,1790490,0.0008997456627670101,7353552
net50,16320,16320,945200,0.003548815359477124,3846096
random10,4096,4096,1677721,0.09999996423721313,6727284
Si34H36,97569,97569,5156379,0.0005416529631107522,21015808
mn2010,259777,259777,1227102,1.818357489784257e-05,5947532
wang3,26064,26064,177168,0.00026079733468091574,812944
olesnik0,88263,88263,744216,9.553040815143145e-05,3329932
lowThrust_12,18458,18458,224593,0.0006592147754747226,972220
bodyy5,18589,18589,129281,0.0003741300981802332,591496
cnr-2000,325557,325557,3216152,3.0344674991849743e-05,14166852
Muu,7102,7102,170134,0.0033731043512003275,708960
lpl3,10828,33686,100525,0.00027559820863275414,445428
Maragal_8,33212,75077,1308415,0.0005247392796364539,5366524
bibd_17_8,136,24310,680680,0.20588235294117646,2723280
Zhao1,33861,33861,166453,0.00014517507777460893,801272
co2010,201062,201062,974574,2.4107647046736762e-05,4702560
case9,14454,14454,147972,0.0007082774956672499,649720
cavity21,4562,4562,138187,0.006639824899706148,571012
hangGlider_4,15561,15561,149532,0.0006175315298325252,660388
finan512,74752,74752,596992,0.00010683729358228562,2686992
Trefethen_20000,20000,20000,554466,0.001386165,2297880
barrier2-12,115625,115625,3897557,0.00029153384718772824,16052744
c-53,30235,30235,372213,0.0004071660805745545,1609808
psse0,26722,11028,102432,0.0003475921304424983,516632
abtaha2,37932,331,137228,0.010929719042471614,700656
Franz8,16728,7176,100368,0.0008361204013377926,468400
crystk01,4875,4875,315891,0.013291928994082842,1283080
denormal,89400,89400,1156224,0.0001446661561791511,4982512
de2010,24115,24115,116056,0.0001995689928120616,560700
cont-300,180895,180895,988195,3.0198788896074363e-05,4676376
cegb2802,2802,2802,277362,0.035327320497595016,1120672
bcsstk29,13992,13992,619488,0.0031642683346621986,2533936
crystk02,13965,13965,968583,0.004966551717639964,3930208
CO,221119,221119,7666057,0.00015679056345349816,31548720
crystm02,13965,13965,322905,0.0016557428556814777,1347496
wa2010,195574,195574,947432,2.476998893256234e-05,4572040
ABACUS_shell_hd,23412,23412,218484,0.00039860487636483914,967600
torso3,259156,259156,4429042,6.594581842023316e-05,18752808
c-52,23948,23948,202716,0.0003534675333106481,906672
3D_51448_3D,51448,51448,1056610,0.0003991882261227826,4432248
tube2,21498,21498,897056,0.0019409906272146629,3674232
c-67,57975,57975,531935,0.0001582621466443005,2359656
pds-60,99431,336421,719557,2.1510985018615043e-05,3275968
shallow_water1,81920,81920,327680,4.8828125e-05,1638416
ncvxqp3,75000,75000,499964,8.888248888888889e-05,2299872
pds-70,114944,390005,833465,1.8592204424367927e-05,3793652
ex8,3096,3096,106344,0.011094585661919355,437776
ga2010,291086,291086,1418056,1.6735964475229304e-05,6836584
cavity17,4562,4562,138187,0.006639824899706148,571012
lhr11,10964,10964,233741,0.0019444502861076566,978836
brainpc2,27607,27607,179395,0.00023538127119188349,828024
barrier2-9,115625,115625,3897557,0.00029153384718772824,16052744
rajat16,94294,94294,641159,7.211035350954104e-05,2941828
soc-Slashdot0811,77360,77360,905468,0.0001513004377123461,3931328
nemsemm2,6943,48878,182012,0.0005363390637423295,755836
amazon0601,403394,403394,3387388,2.0816421641779212e-05,15163144
HFE18_96_in,2372,4096,933343,0.0960653218209844,3742876
trans5,116835,116835,766396,5.614451099680582e-05,3532940
cage10,11397,11397,150645,0.0011597746856765782,648184
TSOPF_FS_b162_c4,40798,40798,2398220,0.0014408251254909047,9756088
light_in_tissue,29282,29282,406084,0.0004736029574627234,1741480
roadNet-TX,1393383,1393383,3843320,1.979545692335106e-06,20946828
rat,3136,9408,268908,0.009114447756143274,1088192
ex3sta1,16782,16782,678998,0.002410910350925759,2783136
lhr17,17576,17576,381975,0.0012365020813958042,1598220
nemeth16,9506,9506,587012,0.006496079922769275,2386088
mark3jac120,54929,54929,342475,0.00011350774323375935,1589632
cavity22,4562,4562,138187,0.006639824899706148,571012
neos,479119,515905,1526794,6.176853684325402e-06,8023668
bcsstk33,8738,8738,591904,0.00775223972597465,2402584
shallow_water2,81920,81920,327680,4.8828125e-05,1638416
mario001,38434,38434,206156,0.00013956123614325205,978376
usroads-48,126146,126146,323900,2.0354665989471852e-05,1800200
bibd_19_9,171,92378,3325608,0.21052631578947367,13303132
bcsstk32,44609,44609,2014701,0.0010124314474587429,8237256
pkustk04,55590,55590,4218660,0.0013651525261030013,17097016
world,34506,67147,198883,8.583737547772335e-05,933572
pdb1HYS,36417,36417,4344765,0.0032761061045543556,17524744
rajat15,37261,37261,443573,0.0003194891329200573,1923352
s1rmt3m1,5489,5489,219521,0.007286007447744659,900056
lhr34c,35152,35152,764014,0.0006183028347506603,3196680
rail_20209,20209,20209,139233,0.00034092004180540184,637784
t3dh_a,79171,79171,4352105,0.0006943318760478372,17725120
scircuit,170998,170998,958936,3.279499441349471e-05,4519752
mark3jac100,45769,45769,285215,0.00013615372097326034,1323952
id2010,149842,149842,728264,3.24355838645896e-05,3512440
ex35,19716,19716,228208,0.0005870745392032884,991712
e18,24617,38602,156466,0.00016465504731807387,724348
sls,1748122,62729,6804304,6.205026005044245e-05,34209720
ASIC_320ks,321671,321671,1827807,1.7664710235909522e-05,8597928
GT01R,7980,7980,430909,0.00676674455562465,1755572
graphics,29493,11822,117954,0.00033830059936458545,589804
tx2010,914231,914231,4456272,5.33162756320495e-06,21482028
s3rmt3m1,5489,5489,219521,0.007286007447744659,900056
smallworld,100000,100000,999996,9.99996e-05,4400000
Chebyshev4,68121,68121,5377761,0.001158882668599562,21783544
Kuu,7102,7102,340200,0.006744860523342492,1389224
mri2,63240,147456,569160,6.103515625e-05,2529616
vsp_p0291_seymourl_iiasa,10498,10498,107736,0.0009775696509302537,472952
memplus,17758,17758,126150,0.000400036069522546,575648
rgg_n_2_18_s0,262144,262144,3094566,4.5031862100586295e-05,13426856
lhr14,14270,14270,307858,0.00151182839315258,1288528
OPF_3754,15435,15435,158273,0.0006643448407792629,694848
mark3jac140,64089,64089,399735,9.732069135909203e-05,1855312
ASIC_100ks,99190,99190,578890,5.883832040841432e-05,2712336
roadNet-CA,1971281,1971281,5533214,1.423902967303555e-06,30017996
ex31,3909,3909,115357,0.007549403050899391,477080
Zd_Jac3_db,22835,22835,713907,0.001369113990663018,2946984
